,BTC Hourly Data from 2017 to 2022,,,,,,,,,,,,,,,,,,,,,,,,,
,REAL EXAMPLE,PRE-TRADE TREND ANALYSIS ,,,,,,SATURDAY SIGNAL,,,,SUNDAY SIGNAL,,,,PROFIT % LOSS DATA,,,,,,PROFIT & LOSS DATA,,,,
,,Price 24hrs befor Sat 1am UTC,% Difference ,Trend,Price 6 hrs befor Sat 1am UTC,% Difference,Trend ,Day,Month,Time UTC,Opening Price,Day,Month,Time UTC,Opening Price,Lowest Price,Max down,Max down %,Highest Price,Max Up,Max Up %,Profit & Loss,profit %,Win,Loss,
,,"$30,252",-3.64%,DownTrend,"$29,283",-0.45%,Sideways,Saturday,21st May 2022,1:00 AM,"$29,150",Sunday,22nd May 2022,1:00 PM,"$30,169","$29,076",$74,0.25%,"$30,311","$1,161",3.83%,"$1,019",3.38%,1,0,
,,"$29,083",-0.95%,Sideways,"$28,458",1.22%,UpTrend,Saturday,28th May 2022,1:00 AM,"$28,806",Sunday,29th May 2022,1:00 PM,"$29,380","$28,451",$355,1.25%,"$29,489",$683,2.32%,$574,1.95%,1,0,
,,"$29,622",0.11%,Sideways,"$29,698",-0.14%,Sideways,Saturday,4th June 2022,1:00 AM,"$29,656",Sunday,5th June 2022,1:00 PM,"$29,716","$29,258",$398,1.36%,"$31,460","$1,804",5.73%,$60,0.20%,0,0,
,,,,,,,,,,,,,,,,,,,,,,,,,,
,Week ,Price 24hrs befor Sat 1am UTC,% Difference ,Trend,Price 6 hrs befor Sat 1am UTC,% Difference,Trend ,Day,Month,Time UTC,Opening Price,Day,Month,Time UTC,Opening Price,Lowest Price,Max down,Max down %,Highest Price,Max Up,Max Up %,Profit & Loss,profit %,Win,Loss,WIN / LOSS
,Week 1,"$4,302.97",-3.24%,DownTrend,"$4,086.28",1.89%,UpTrend,Saturday,2/4/2017,1:00 AM,"$4,163",Sunday,2/5/2017,1:00 PM,"$4,125","$4,148.53",$14.96,0.36%,"$4,184.69",$21.20,0.51%,-$38.49,-0.93%,0,1,FALSE
,Week 2,"$4,311.69",-0.14%,Sideways,"$4,406.35",-2.29%,DownTrend,Saturday,2/11/2017,1:00 AM,"$4,306",Sunday,2/12/2017,1:00 PM,"$4,314","$4,318.74",-$13.24,-0.31%,"$4,367.00",$61.50,1.41%,$8.61,0.20%,1,0,TRUE
,Week 3,"$4,783.00",2.14%,UpTrend,"$4,758.67",2.67%,UpTrend,Saturday,2/18/2017,1:00 AM,"$4,886",Sunday,2/19/2017,1:00 PM,"$4,490","$4,850.01",$35.54,0.73%,"$4,939.19",$53.64,1.09%,-$395.52,-8.81%,0,1,FALSE
,Week 4,"$4,655.69",-8.46%,DownTrend,"$4,273.66",-0.27%,Sideways,Saturday,2/25/2017,1:00 AM,"$4,262",Sunday,2/26/2017,1:00 PM,"$4,060","$4,326.74",-$64.80,-1.50%,"$4,426.62",$164.68,3.72%,-$201.94,-4.97%,0,1,FALSE
,Week 5,"$3,332.99",11.82%,UpTrend,"$3,560.09",4.69%,UpTrend,Saturday,3/4/2017,1:00 AM,"$3,727",Sunday,3/5/2017,1:00 PM,"$3,570","$3,807.03",-$80.02,-2.10%,"$3,950.00",$222.99,5.65%,-$157.01,-4.40%,0,1,FALSE
,Week 6,"$3,599.90",-0.01%,Sideways,"$3,559.99",1.12%,UpTrend,Saturday,3/11/2017,1:00 AM,"$3,600",Sunday,3/12/2017,1:00 PM,"$3,675","$3,766.48",-$166.76,-4.43%,"$3,817.19",$217.47,5.70%,$74.93,2.04%,1,0,TRUE
,Week 7,"$4,247.11",-1.82%,DownTrend,"$4,140.38",0.71%,Sideways,Saturday,3/18/2017,1:00 AM,"$4,170",Sunday,3/19/2017,1:00 PM,"$4,279","$4,335.14",-$165.47,-3.82%,"$4,380.00",$210.33,4.80%,$109.33,2.56%,1,0,TRUE
,Week 8,"$4,409.94",-0.41%,Sideways,"$4,320.02",1.67%,UpTrend,Saturday,3/25/2017,1:00 AM,"$4,392",Sunday,3/26/2017,1:00 PM,"$4,509","$4,423.00",-$31.03,-0.70%,"$4,479.50",$87.53,1.95%,$117.02,2.60%,1,0,TRUE
,Week 9,"$5,577.97",1.02%,UpTrend,"$5,683.88",-0.86%,Sideways,Saturday,4/1/2017,1:00 AM,"$5,635",Sunday,4/2/2017,1:00 PM,"$5,478","$5,769.70",-$134.74,-2.34%,"$5,900.00",$265.04,4.49%,-$156.97,-2.87%,0,1,FALSE
,Week 10,"$5,660.92",5.69%,UpTrend,"$5,945.01",0.64%,Sideways,Saturday,4/8/2017,1:00 AM,"$5,983",Sunday,4/9/2017,1:00 PM,"$5,800","$6,120.52",-$137.74,-2.25%,"$6,171.00",$188.22,3.05%,-$182.76,-3.15%,0,1,FALSE
,Week 11,"$5,789.98",0.56%,Sideways,"$5,650.42",3.04%,UpTrend,Saturday,4/15/2017,1:00 AM,"$5,822",Sunday,4/16/2017,1:00 PM,"$5,759","$5,780.40",$41.89,0.72%,"$5,850.02",$27.73,0.47%,-$63.57,-1.10%,0,1,FALSE
,Week 12,"$7,298.90",-3.53%,DownTrend,"$7,283.31",-3.32%,DownTrend,Saturday,4/22/2017,1:00 AM,"$7,041",Sunday,4/23/2017,1:00 PM,"$7,537","$7,400.01",-$358.86,-4.85%,"$7,480.99",$439.84,5.88%,$495.87,6.58%,1,0,TRUE
,Week 13,"$6,610.25",1.00%,UpTrend,"$6,399.99",4.32%,UpTrend,Saturday,4/29/2017,1:00 AM,"$6,677",Sunday,4/30/2017,1:00 PM,"$6,150","$6,687.57",-$11.00,-0.16%,"$6,797.98",$121.41,1.79%,-$526.54,-8.56%,0,1,FALSE
,Week 14,"$7,697.62",-1.25%,DownTrend,"$7,787.88",-2.40%,DownTrend,Saturday,5/6/2017,1:00 AM,"$7,601",Sunday,5/7/2017,1:00 PM,"$7,705","$7,750.71",-$149.63,-1.93%,"$7,819.99",$218.91,2.80%,$103.95,1.35%,1,0,TRUE
,Week 15,"$8,138.78",-0.09%,Sideways,"$8,162.16",-0.38%,Sideways,Saturday,5/13/2017,1:00 AM,"$8,132",Sunday,5/14/2017,1:00 PM,"$8,918","$8,610.02",-$478.51,-5.56%,"$8,734.78",$603.27,6.91%,$786.01,8.81%,1,0,TRUE
,Week 16,"$10,120.34",7.74%,UpTrend,"$10,459.01",4.25%,UpTrend,Saturday,5/20/2017,1:00 AM,"$10,904",Sunday,5/21/2017,1:00 PM,"$11,643","$11,080.01",-$176.01,-1.59%,"$11,190.00",$286.00,2.56%,$739.20,6.35%,1,0,TRUE
,Week 17,"$14,794.48",6.59%,UpTrend,"$15,131.00",4.22%,UpTrend,Saturday,5/27/2017,1:00 AM,"$15,770",Sunday,5/28/2017,1:00 PM,"$13,730","$15,650.00",$119.68,0.76%,"$16,269.30",$499.62,3.07%,"-$2,040.18",-14.86%,0,1,FALSE
,Week 18,"$17,866.00",-1.68%,DownTrend,"$17,699.94",-0.76%,Sideways,Saturday,6/3/2017,1:00 AM,"$17,566",Sunday,6/4/2017,1:00 PM,"$19,369","$19,000.00","-$1,434.00",-7.55%,"$19,539.00","$1,973.00",10.10%,"$1,803.00",9.31%,1,0,TRUE
,Week 19,"$13,389.00",0.94%,Sideways,"$13,390.00",0.93%,Sideways,Saturday,6/10/2017,1:00 AM,"$13,514",Sunday,6/11/2017,1:00 PM,"$12,219","$14,608.15","-$1,093.72",-7.49%,"$14,950.00","$1,435.57",9.60%,"-$1,295.66",-10.60%,0,1,FALSE
,Week 20,"$14,111.14",1.25%,UpTrend,"$14,503.77",-1.49%,DownTrend,Saturday,6/17/2017,1:00 AM,"$14,288",Sunday,6/18/2017,1:00 PM,"$13,052","$14,045.00",$243.06,1.73%,"$14,398.85",$110.79,0.77%,"-$1,236.06",-9.47%,0,1,FALSE
,Week 21,"$15,838.00",7.32%,UpTrend,"$16,579.00",2.53%,UpTrend,Saturday,6/24/2017,1:00 AM,"$16,998",Sunday,6/25/2017,1:00 PM,"$16,538","$16,975.00",$23.00,0.14%,"$17,143.13",$145.13,0.85%,-$460.02,-2.78%,0,1,FALSE
,Week 22,"$14,013.55",0.14%,Sideways,"$13,379.69",4.89%,UpTrend,Saturday,7/1/2017,1:00 AM,"$14,033",Sunday,7/2/2017,1:00 PM,"$12,882","$14,270.00",-$236.64,-1.66%,"$14,580.00",$546.64,3.75%,"-$1,151.80",-8.94%,0,1,FALSE
,Week 23,"$11,660.22",-0.91%,Sideways,"$11,185.10",3.30%,UpTrend,Saturday,7/8/2017,1:00 AM,"$11,554",Sunday,7/9/2017,1:00 PM,"$11,920","$12,806.00","-$1,251.79",-9.78%,"$13,099.00","$1,544.79",11.79%,$365.85,3.07%,1,0,TRUE
,Week 24,"$10,651.01",4.39%,UpTrend,"$11,039.00",0.72%,Sideways,Saturday,7/15/2017,1:00 AM,"$11,118",Sunday,7/16/2017,1:00 PM,"$11,783","$11,475.00",-$356.62,-3.11%,"$11,650.00",$531.62,4.56%,$664.61,5.64%,1,0,TRUE
,Week 25,"$8,482.10",4.16%,UpTrend,"$8,647.91",2.16%,UpTrend,Saturday,7/22/2017,1:00 AM,"$8,835",Sunday,7/23/2017,1:00 PM,"$8,746","$9,279.00",-$444.01,-4.79%,"$9,473.01",$638.02,6.74%,-$89.06,-1.02%,0,1,FALSE
,Week 26,"$9,849.99",3.22%,UpTrend,"$9,945.00",2.23%,UpTrend,Saturday,7/29/2017,1:00 AM,"$10,167",Sunday,7/30/2017,1:00 PM,"$8,280","$8,871.89","$1,295.11",14.60%,"$9,065.78","-$1,101.22",-12.15%,"-$1,887.00",-22.79%,0,1,FALSE
,Week 27,"$10,204.93",1.16%,UpTrend,"$10,184.28",1.37%,UpTrend,Saturday,8/5/2017,1:00 AM,"$10,324",Sunday,8/6/2017,1:00 PM,"$10,507","$10,900.00",-$576.36,-5.29%,"$11,075.07",$751.43,6.78%,$183.71,1.75%,1,0,TRUE
,Week 28,"$11,015.00",0.83%,Sideways,"$10,909.99",1.80%,UpTrend,Saturday,8/12/2017,1:00 AM,"$11,106",Sunday,8/13/2017,1:00 PM,"$9,525","$10,380.00",$726.29,7.00%,"$10,496.97",-$609.32,-5.80%,"-$1,581.28",-16.60%,0,1,FALSE
,Week 29,"$8,988.03",3.46%,UpTrend,"$8,894.62",4.55%,UpTrend,Saturday,8/19/2017,1:00 AM,"$9,299",Sunday,8/20/2017,1:00 PM,"$11,221","$11,490.00","-$2,191.01",-19.07%,"$11,544.00","$2,245.01",19.45%,"$1,922.01",17.13%,1,0,TRUE
,Week 30,"$8,182.11",1.32%,UpTrend,"$8,506.61",-2.55%,DownTrend,Saturday,8/26/2017,1:00 AM,"$8,290",Sunday,8/27/2017,1:00 PM,"$9,167","$9,336.00","-$1,046.00",-11.20%,"$9,490.00","$1,200.00",12.64%,$877.19,9.57%,1,0,TRUE
,Week 31,"$8,299.00",7.37%,UpTrend,"$8,618.02",3.40%,UpTrend,Saturday,9/2/2017,1:00 AM,"$8,911",Sunday,9/3/2017,1:00 PM,"$7,701","$8,230.06",$680.95,8.27%,"$8,348.62",-$562.39,-6.74%,"-$1,210.01",-15.71%,0,1,FALSE
,Week 32,"$7,030.99",-0.51%,Sideways,"$6,738.58",3.81%,UpTrend,Saturday,9/9/2017,1:00 AM,"$6,995",Sunday,9/10/2017,1:00 PM,"$8,505","$8,900.00","-$1,905.00",-21.40%,"$8,999.95","$2,004.95",22.28%,"$1,510.00",17.75%,1,0,TRUE
,Week 33,"$6,598.97",0.39%,Sideways,"$6,589.99",0.53%,Sideways,Saturday,9/16/2017,1:00 AM,"$6,625",Sunday,9/17/2017,1:00 PM,"$6,685","$7,060.00",-$435.00,-6.16%,"$7,223.36",$598.36,8.28%,$59.99,0.90%,1,0,TRUE
,Week 34,"$8,194.00",-3.46%,DownTrend,"$8,117.93",-2.56%,DownTrend,Saturday,9/23/2017,1:00 AM,"$7,910",Sunday,9/24/2017,1:00 PM,"$7,085","$6,990.11",$920.10,13.16%,"$7,070.00",-$840.21,-11.88%,-$825.23,-11.65%,0,1,FALSE
,Week 35,"$8,519.66",3.47%,UpTrend,"$8,505.04",3.64%,UpTrend,Saturday,9/30/2017,1:00 AM,"$8,815",Sunday,10/1/2017,1:00 PM,"$8,351","$8,071.01",$743.98,9.22%,"$8,186.00",-$628.99,-7.68%,-$464.46,-5.56%,0,1,FALSE
,Week 36,"$9,290.01",-3.06%,DownTrend,"$9,230.89",-2.44%,DownTrend,Saturday,10/7/2017,1:00 AM,"$9,006",Sunday,10/8/2017,1:00 PM,"$8,854","$8,867.87",$138.11,1.56%,"$9,035.00",$29.02,0.32%,-$152.01,-1.72%,0,1,FALSE
,Week 37,"$9,717.99",0.57%,Sideways,"$9,649.95",1.28%,UpTrend,Saturday,10/14/2017,1:00 AM,"$9,773",Sunday,10/15/2017,1:00 PM,"$9,247","$9,350.90",$422.10,4.51%,"$9,427.48",-$345.52,-3.67%,-$525.60,-5.68%,0,1,FALSE
,Week 38,"$8,523.00",-0.79%,Sideways,"$8,603.85",-1.72%,DownTrend,Saturday,10/21/2017,1:00 AM,"$8,456",Sunday,10/22/2017,1:00 PM,"$9,535","$9,910.00","-$1,454.00",-14.67%,"$10,020.00","$1,564.00",15.61%,"$1,079.00",11.32%,1,0,TRUE
,Week 39,"$8,108.98",1.13%,UpTrend,"$8,202.67",-0.03%,Sideways,Saturday,10/28/2017,1:00 AM,"$8,201",Sunday,10/29/2017,1:00 PM,"$8,572","$8,521.36",-$320.75,-3.76%,"$8,646.88",$446.27,5.16%,$371.32,4.33%,1,0,TRUE
,Week 40,"$7,505.90",-0.83%,Sideways,"$7,416.98",0.35%,Sideways,Saturday,11/4/2017,1:00 AM,"$7,443",Sunday,11/5/2017,1:00 PM,"$8,302","$8,319.97",-$876.70,-10.54%,"$8,390.80",$947.53,11.29%,$858.43,10.34%,1,0,TRUE
,Week 41,"$7,417.99",0.66%,Sideways,"$7,404.30",0.85%,Sideways,Saturday,11/11/2017,1:00 AM,"$7,467",Sunday,11/12/2017,1:00 PM,"$7,309","$7,535.00",-$67.97,-0.90%,"$7,620.00",$152.97,2.01%,-$158.03,-2.16%,0,1,FALSE
,Week 42,"$7,551.99",1.02%,UpTrend,"$7,637.63",-0.11%,Sideways,Saturday,11/18/2017,1:00 AM,"$7,629",Sunday,11/19/2017,1:00 PM,"$7,725","$7,651.32",-$22.36,-0.29%,"$7,697.33",$68.37,0.89%,$96.03,1.24%,1,0,TRUE
,Week 43,"$6,494.54",-1.51%,DownTrend,"$6,542.49",-2.24%,DownTrend,Saturday,11/25/2017,1:00 AM,"$6,396",Sunday,11/26/2017,1:00 PM,"$7,228","$7,653.59","-$1,257.34",-16.43%,"$7,683.98","$1,287.73",16.76%,$832.22,11.51%,1,0,TRUE
,Week 44,"$6,325.69",-2.97%,DownTrend,"$6,212.96",-1.21%,DownTrend,Saturday,12/2/2017,1:00 AM,"$6,138",Sunday,12/3/2017,1:00 PM,"$6,458","$6,518.33",-$380.73,-5.84%,"$6,560.00",$422.40,6.44%,$320.75,4.97%,1,0,TRUE
,Week 45,"$5,861.43",6.44%,UpTrend,"$5,883.19",6.05%,UpTrend,Saturday,12/9/2017,1:00 AM,"$6,239",Sunday,12/10/2017,1:00 PM,"$5,894","$6,178.45",$60.54,0.98%,"$6,260.00",$21.01,0.34%,-$344.70,-5.85%,0,1,FALSE
,Week 46,"$6,587.85",0.14%,Sideways,"$6,565.14",0.48%,Sideways,Saturday,12/16/2017,1:00 AM,"$6,597",Sunday,12/17/2017,1:00 PM,"$6,353","$6,389.48",$207.45,3.25%,"$6,528.99",-$67.94,-1.04%,-$243.88,-3.84%,0,1,FALSE
,Week 47,"$6,274.20",-0.58%,Sideways,"$6,237.24",0.01%,Sideways,Saturday,12/23/2017,1:00 AM,"$6,238",Sunday,12/24/2017,1:00 PM,"$6,336","$6,592.00",-$354.00,-5.37%,"$6,818.16",$580.16,8.51%,$98.01,1.55%,1,0,TRUE
,Week 48,"$7,466.59",-3.05%,DownTrend,"$7,361.22",-1.66%,DownTrend,Saturday,12/30/2017,1:00 AM,"$7,239",Sunday,12/31/2017,1:00 PM,"$7,440","$6,256.56",$982.43,15.70%,"$6,335.00",-$903.99,-14.27%,$201.00,2.70%,1,0,TRUE
,Week 49,"$7,845.01",4.08%,UpTrend,"$8,269.22",-1.26%,DownTrend,Saturday,1/6/2018,1:00 AM,"$8,165",Sunday,1/7/2018,1:00 PM,"$8,214","$7,411.01",$753.99,10.17%,"$7,458.47",-$706.53,-9.47%,$49.00,0.60%,1,0,TRUE
,Week 50,"$7,394.00",0.83%,Sideways,"$7,473.29",-0.24%,Sideways,Saturday,1/13/2018,1:00 AM,"$7,455",Sunday,1/14/2018,1:00 PM,"$7,042","$8,196.71",-$741.34,-9.04%,"$8,246.54",$791.17,9.59%,-$413.59,-5.87%,0,1,FALSE
,Week 51,"$6,508.13",-6.45%,DownTrend,"$6,396.34",-4.82%,DownTrend,Saturday,1/20/2018,1:00 AM,"$6,088",Sunday,1/21/2018,1:00 PM,"$6,260","$7,459.00","-$1,370.70",-18.38%,"$7,494.81","$1,406.51",18.77%,$171.71,2.74%,1,0,TRUE
,Week 52,"$6,474.04",2.01%,UpTrend,"$6,516.26",1.35%,UpTrend,Saturday,1/27/2018,1:00 AM,"$6,604",Sunday,1/28/2018,1:00 PM,"$6,417","$6,376.55",$227.39,3.57%,"$6,488.00",-$115.94,-1.79%,-$186.64,-2.91%,0,1,FALSE
,Week 53,"$6,552.07",2.54%,UpTrend,"$6,632.33",1.30%,UpTrend,Saturday,2/3/2018,1:00 AM,"$6,719",Sunday,2/4/2018,1:00 PM,"$6,690","$6,541.89",$176.89,2.70%,"$6,620.00",-$98.78,-1.49%,-$28.78,-0.43%,0,1,FALSE
,Week 54,"$6,904.99",2.01%,UpTrend,"$7,046.20",-0.03%,Sideways,Saturday,2/10/2018,1:00 AM,"$7,044",Sunday,2/11/2018,1:00 PM,"$7,260","$6,728.05",$315.91,4.70%,"$6,789.00",-$254.96,-3.76%,$215.86,2.97%,1,0,TRUE
,Week 55,"$6,429.00",0.06%,Sideways,"$6,416.55",0.25%,Sideways,Saturday,2/17/2018,1:00 AM,"$6,433",Sunday,2/18/2018,1:00 PM,"$6,392","$7,198.00",-$765.41,-10.63%,"$7,275.00",$842.41,11.58%,-$40.89,-0.64%,0,1,FALSE
,Week 56,"$6,465.96",0.31%,Sideways,"$6,476.06",0.16%,Sideways,Saturday,2/24/2018,1:00 AM,"$6,486",Sunday,2/25/2018,1:00 PM,"$6,504","$6,450.00",$36.22,0.56%,"$6,478.00",-$8.22,-0.13%,$17.77,0.27%,1,0,TRUE
,Week 57,"$6,732.70",1.01%,UpTrend,"$6,737.01",0.95%,Sideways,Saturday,3/3/2018,1:00 AM,"$6,801",Sunday,3/4/2018,1:00 PM,"$6,739","$6,530.98",$269.71,4.13%,"$6,565.45",-$235.24,-3.58%,-$61.89,-0.92%,0,1,FALSE
,Week 58,"$6,608.86",0.21%,Sideways,"$6,650.26",-0.41%,Sideways,Saturday,3/10/2018,1:00 AM,"$6,623",Sunday,3/11/2018,1:00 PM,"$6,633","$6,757.87",-$134.87,-2.00%,"$6,839.03",$216.03,3.16%,$9.59,0.14%,1,0,TRUE
,Week 59,"$6,587.37",0.56%,Sideways,"$6,591.02",0.51%,Sideways,Saturday,3/17/2018,1:00 AM,"$6,625",Sunday,3/18/2018,1:00 PM,"$6,560","$6,590.00",$34.53,0.52%,"$6,636.00",$11.47,0.17%,-$64.42,-0.98%,0,1,FALSE
,Week 60,"$6,323.00",-0.09%,Sideways,"$6,311.45",0.09%,Sideways,Saturday,3/24/2018,1:00 AM,"$6,317",Sunday,3/25/2018,1:00 PM,"$6,380","$6,620.00",-$302.69,-4.57%,"$6,651.00",$333.69,5.02%,$62.57,0.98%,1,0,TRUE
,Week 61,"$6,573.67",-0.85%,Sideways,"$6,568.70",-0.77%,Sideways,Saturday,3/31/2018,1:00 AM,"$6,518",Sunday,4/1/2018,1:00 PM,"$6,623","$6,327.00",$191.05,3.02%,"$6,345.00",-$173.05,-2.73%,$104.68,1.58%,1,0,TRUE
,Week 62,"$6,543.29",0.03%,Sideways,"$6,539.38",0.09%,Sideways,Saturday,4/7/2018,1:00 AM,"$6,545",Sunday,4/8/2018,1:00 PM,"$6,499","$6,588.08",-$42.70,-0.65%,"$6,617.65",$72.27,1.09%,-$46.55,-0.72%,0,1,FALSE
,Week 63,"$6,415.96",0.19%,Sideways,"$6,424.53",0.06%,Sideways,Saturday,4/14/2018,1:00 AM,"$6,428",Sunday,4/15/2018,1:00 PM,"$6,405","$6,545.00",-$116.71,-1.78%,"$6,558.35",$130.06,1.98%,-$23.40,-0.37%,0,1,FALSE
,Week 64,"$6,437.94",-0.14%,Sideways,"$6,428.62",0.00%,Sideways,Saturday,4/21/2018,1:00 AM,"$6,429",Sunday,4/22/2018,1:00 PM,"$6,421","$6,423.26",$5.54,0.09%,"$6,439.97",$11.17,0.17%,-$8.21,-0.13%,0,1,FALSE
,Week 65,"$5,650.00",-0.55%,Sideways,"$5,657.20",-0.68%,Sideways,Saturday,4/28/2018,1:00 AM,"$5,619",Sunday,4/29/2018,1:00 PM,"$5,649","$6,454.00",-$835.02,-12.94%,"$6,475.55",$856.57,13.23%,$30.05,0.53%,1,0,TRUE
,Week 66,"$4,360.08",3.37%,UpTrend,"$4,348.61",3.65%,UpTrend,Saturday,5/5/2018,1:00 AM,"$4,507",Sunday,5/6/2018,1:00 PM,"$3,926","$5,618.03","-$1,110.91",-19.77%,"$5,656.60","$1,149.48",20.32%,-$581.31,-14.81%,0,1,FALSE
,Week 67,"$4,025.79",0.47%,Sideways,"$4,036.12",0.22%,Sideways,Saturday,5/12/2018,1:00 AM,"$4,045",Sunday,5/13/2018,1:00 PM,"$4,166","$4,464.19",-$419.35,-9.39%,"$4,527.00",$482.16,10.65%,$121.28,2.91%,1,0,TRUE
,Week 68,"$3,391.98",2.84%,UpTrend,"$3,255.01",7.17%,UpTrend,Saturday,5/19/2018,1:00 AM,"$3,488",Sunday,5/20/2018,1:00 PM,"$3,437","$4,241.17",-$752.87,-17.75%,"$4,299.99",$811.69,18.88%,-$51.45,-1.50%,0,1,FALSE
,Week 69,"$3,307.59",-1.90%,DownTrend,"$3,217.98",0.83%,Sideways,Saturday,5/26/2018,1:00 AM,"$3,245",Sunday,5/27/2018,1:00 PM,"$3,259","$3,438.00",-$193.32,-5.62%,"$3,495.00",$250.32,7.16%,$14.49,0.44%,1,0,TRUE
,Week 70,"$4,013.43",-4.30%,DownTrend,"$3,916.76",-1.93%,DownTrend,Saturday,6/2/2018,1:00 AM,"$3,841",Sunday,6/3/2018,1:00 PM,"$3,981","$3,245.03",$596.00,18.37%,"$3,276.50",-$564.53,-17.23%,$140.36,3.53%,1,0,TRUE
,Week 71,"$3,586.74",7.41%,UpTrend,"$3,816.29",0.95%,Sideways,Saturday,6/9/2018,1:00 AM,"$3,853",Sunday,6/10/2018,1:00 PM,"$3,775","$3,888.14",-$35.58,-0.92%,"$3,979.00",$126.44,3.18%,-$77.21,-2.05%,0,1,FALSE
,Week 72,"$3,755.95",1.49%,UpTrend,"$3,730.41",2.18%,UpTrend,Saturday,6/16/2018,1:00 AM,"$3,812",Sunday,6/17/2018,1:00 PM,"$3,791","$3,843.27",-$31.48,-0.82%,"$3,892.00",$80.21,2.06%,-$20.67,-0.55%,0,1,FALSE
,Week 73,"$3,584.97",0.45%,Sideways,"$3,605.88",-0.14%,Sideways,Saturday,6/23/2018,1:00 AM,"$3,601",Sunday,6/24/2018,1:00 PM,"$3,584","$3,815.72",-$214.71,-5.63%,"$3,840.99",$239.98,6.25%,-$17.27,-0.48%,0,1,FALSE
,Week 74,"$3,589.53",0.24%,Sideways,"$3,582.56",0.44%,Sideways,Saturday,6/30/2018,1:00 AM,"$3,598",Sunday,7/1/2018,1:00 PM,"$3,516","$3,589.47",$8.72,0.24%,"$3,618.19",$20.00,0.55%,-$82.20,-2.34%,0,1,FALSE
,Week 75,"$3,548.72",0.40%,Sideways,"$3,545.32",0.49%,Sideways,Saturday,7/7/2018,1:00 AM,"$3,563",Sunday,7/8/2018,1:00 PM,"$3,545","$3,689.07",-$126.22,-3.42%,"$3,720.00",$157.15,4.22%,-$17.63,-0.50%,0,1,FALSE
,Week 76,"$3,461.12",0.02%,Sideways,"$3,472.22",-0.30%,Sideways,Saturday,7/14/2018,1:00 AM,"$3,462",Sunday,7/15/2018,1:00 PM,"$3,466","$3,599.00",-$137.28,-3.81%,"$3,662.94",$201.22,5.49%,$4.13,0.12%,1,0,TRUE
,Week 77,"$3,439.10",6.26%,UpTrend,"$3,654.76",-0.01%,Sideways,Saturday,7/21/2018,1:00 AM,"$3,654",Sunday,7/22/2018,1:00 PM,"$3,626","$3,468.17",$186.22,5.37%,"$3,526.40",-$127.99,-3.63%,-$28.45,-0.78%,0,1,FALSE
,Week 78,"$3,618.69",-0.24%,Sideways,"$3,602.06",0.22%,Sideways,Saturday,7/28/2018,1:00 AM,"$3,610",Sunday,7/29/2018,1:00 PM,"$3,613","$3,657.20",-$47.20,-1.29%,"$3,680.02",$70.02,1.90%,$3.07,0.08%,1,0,TRUE
,Week 79,"$3,959.78",-0.02%,Sideways,"$3,966.56",-0.19%,Sideways,Saturday,8/4/2018,1:00 AM,"$3,959",Sunday,8/5/2018,1:00 PM,"$4,120","$3,629.23",$329.91,9.09%,"$3,648.20",-$310.94,-8.52%,$160.88,3.90%,1,0,TRUE
,Week 80,"$3,828.06",0.01%,Sideways,"$3,848.70",-0.53%,Sideways,Saturday,8/11/2018,1:00 AM,"$3,828",Sunday,8/12/2018,1:00 PM,"$3,824","$4,108.03",-$279.67,-6.81%,"$4,162.02",$333.66,8.02%,-$4.08,-0.11%,0,1,FALSE
,Week 81,"$3,894.82",-0.50%,Sideways,"$3,911.45",-0.92%,Sideways,Saturday,8/18/2018,1:00 AM,"$3,875",Sunday,8/19/2018,1:00 PM,"$3,905","$3,833.71",$41.61,1.09%,"$3,841.31",-$34.01,-0.89%,$29.21,0.75%,1,0,TRUE
,Week 82,"$3,915.48",0.65%,Sideways,"$3,930.48",0.26%,Sideways,Saturday,8/25/2018,1:00 AM,"$3,941",Sunday,8/26/2018,1:00 PM,"$3,979","$3,934.35",$6.49,0.16%,"$3,971.75",$30.91,0.78%,$38.61,0.97%,1,0,TRUE
,Week 83,"$3,994.26",-0.27%,Sideways,"$3,996.41",-0.33%,Sideways,Saturday,9/1/2018,1:00 AM,"$3,983",Sunday,9/2/2018,1:00 PM,"$3,993","$4,013.99",-$30.66,-0.76%,"$4,056.98",$73.65,1.82%,$9.52,0.24%,1,0,TRUE
,Week 84,"$4,098.70",0.80%,Sideways,"$4,106.00",0.62%,Sideways,Saturday,9/8/2018,1:00 AM,"$4,132",Sunday,9/9/2018,1:00 PM,"$4,100","$4,003.01",$128.51,3.21%,"$4,018.83",-$112.69,-2.80%,-$31.87,-0.78%,0,1,FALSE
,Week 85,"$5,005.44",-0.27%,Sideways,"$4,992.08",0.00%,Sideways,Saturday,9/15/2018,1:00 AM,"$4,992",Sunday,9/16/2018,1:00 PM,"$5,143","$4,116.89",$875.05,21.26%,"$4,140.00",-$851.94,-20.58%,$151.23,2.94%,1,0,TRUE
,Week 86,"$5,048.00",-0.22%,Sideways,"$5,033.85",0.06%,Sideways,Saturday,9/22/2018,1:00 AM,"$5,037",Sunday,9/23/2018,1:00 PM,"$5,047","$5,131.00",-$94.23,-1.84%,"$5,205.00",$168.23,3.23%,$10.20,0.20%,1,0,TRUE
,Week 87,"$5,224.94",0.59%,Sideways,"$5,265.07",-0.18%,Sideways,Saturday,9/29/2018,1:00 AM,"$5,256",Sunday,9/30/2018,1:00 PM,"$5,207","$5,075.23",$180.28,3.55%,"$5,099.00",-$156.51,-3.07%,-$48.20,-0.93%,0,1,FALSE
,Week 88,"$5,330.61",-0.56%,Sideways,"$5,245.48",1.06%,UpTrend,Saturday,10/6/2018,1:00 AM,"$5,301",Sunday,10/7/2018,1:00 PM,"$5,320","$5,293.07",$7.86,0.15%,"$5,333.42",$32.49,0.61%,$19.53,0.37%,1,0,TRUE
,Week 89,"$5,768.70",1.10%,UpTrend,"$5,762.98",1.20%,UpTrend,Saturday,10/13/2018,1:00 AM,"$5,832",Sunday,10/14/2018,1:00 PM,"$5,792","$5,322.60",$509.56,9.57%,"$5,342.50",-$489.66,-9.17%,-$39.85,-0.69%,0,1,FALSE
,Week 90,"$6,325.85",1.34%,UpTrend,"$6,439.30",-0.45%,Sideways,Saturday,10/20/2018,1:00 AM,"$6,410",Sunday,10/21/2018,1:00 PM,"$7,163","$5,855.40",$555.07,9.48%,"$5,900.00",-$510.47,-8.65%,$752.43,10.50%,1,0,TRUE
,Week 91,"$7,128.90",2.20%,UpTrend,"$7,102.11",2.59%,UpTrend,Saturday,10/27/2018,1:00 AM,"$7,286",Sunday,10/28/2018,1:00 PM,"$7,913","$7,056.00",$230.04,3.26%,"$7,343.99",$57.95,0.79%,$626.70,7.92%,1,0,TRUE
,Week 92,"$7,988.06",-0.24%,Sideways,"$8,020.01",-0.64%,Sideways,Saturday,11/3/2018,1:00 AM,"$7,969",Sunday,11/4/2018,1:00 PM,"$7,928","$7,358.86",$610.08,8.29%,"$7,458.00",-$510.94,-6.85%,-$40.52,-0.51%,0,1,FALSE
,Week 93,"$8,332.77",3.04%,UpTrend,"$8,405.93",2.14%,UpTrend,Saturday,11/10/2018,1:00 AM,"$8,586",Sunday,11/11/2018,1:00 PM,"$8,788","$8,028.46",$557.53,6.94%,"$8,091.80",-$494.19,-6.11%,$201.52,2.29%,1,0,TRUE
,Week 94,"$7,902.73",1.68%,UpTrend,"$8,055.33",-0.25%,Sideways,Saturday,11/17/2018,1:00 AM,"$8,036",Sunday,11/18/2018,1:00 PM,"$7,741","$8,548.27",-$512.74,-6.00%,"$8,626.00",$590.47,6.85%,-$294.55,-3.81%,0,1,FALSE
,Week 95,"$8,355.21",2.85%,UpTrend,"$8,382.77",2.52%,UpTrend,Saturday,11/24/2018,1:00 AM,"$8,594",Sunday,11/25/2018,1:00 PM,"$9,041","$7,960.00",$633.62,7.96%,"$8,044.65",-$548.97,-6.82%,$447.01,4.94%,1,0,TRUE
,Week 96,"$9,825.84",2.66%,UpTrend,"$9,897.05",1.92%,UpTrend,Saturday,12/1/2018,1:00 AM,"$10,087",Sunday,12/2/2018,1:00 PM,"$10,751","$8,777.19","$1,309.89",14.92%,"$8,864.99","-$1,222.09",-13.79%,$664.27,6.18%,1,0,TRUE
,Week 97,"$11,764.53",4.36%,UpTrend,"$11,993.69",2.36%,UpTrend,Saturday,12/8/2018,1:00 AM,"$12,277",Sunday,12/9/2018,1:00 PM,"$11,648","$10,982.89","$1,294.42",11.79%,"$11,160.00","-$1,117.31",-10.01%,-$629.31,-5.40%,0,1,FALSE
,Week 98,"$11,169.73",2.03%,UpTrend,"$11,200.30",1.76%,UpTrend,Saturday,12/15/2018,1:00 AM,"$11,397",Sunday,12/16/2018,1:00 PM,"$11,300","$12,231.00",-$833.98,-6.82%,"$12,441.54","$1,044.52",8.40%,-$97.02,-0.86%,0,1,FALSE
,Week 99,"$11,625.12",0.71%,Sideways,"$11,558.30",1.29%,UpTrend,Saturday,12/22/2018,1:00 AM,"$11,707",Sunday,12/23/2018,1:00 PM,"$10,697","$11,501.00",$206.39,1.79%,"$11,665.00",-$42.39,-0.36%,"-$1,010.12",-9.44%,0,1,FALSE
,Week 100,"$10,474.40",-0.22%,Sideways,"$10,381.71",0.67%,Sideways,Saturday,12/29/2018,1:00 AM,"$10,452",Sunday,12/30/2018,1:00 PM,"$10,565","$11,678.04","-$1,226.36",-10.50%,"$11,799.98","$1,348.30",11.43%,$113.15,1.07%,1,0,TRUE
,Week 101,"$9,773.62",3.77%,UpTrend,"$9,804.16",3.45%,UpTrend,Saturday,1/5/2019,1:00 AM,"$10,142",Sunday,1/6/2019,1:00 PM,"$9,519","$10,885.70",-$743.52,-6.83%,"$11,068.99",$926.81,8.37%,-$623.47,-6.55%,0,1,FALSE
,Week 102,"$10,556.22",-0.37%,Sideways,"$10,456.03",0.58%,Sideways,Saturday,1/12/2019,1:00 AM,"$10,517",Sunday,1/13/2019,1:00 PM,"$10,650","$10,092.09",$424.74,4.21%,"$10,188.66",-$328.17,-3.22%,$133.50,1.25%,1,0,TRUE
,Week 103,"$11,772.01",1.33%,UpTrend,"$11,851.99",0.64%,Sideways,Saturday,1/19/2019,1:00 AM,"$11,928",Sunday,1/20/2019,1:00 PM,"$11,460","$10,812.04","$1,115.95",10.32%,"$10,904.77","-$1,023.22",-9.38%,-$467.81,-4.08%,0,1,FALSE
,Week 104,"$10,198.70",0.38%,Sideways,"$10,409.48",-1.65%,DownTrend,Saturday,1/26/2019,1:00 AM,"$10,238",Sunday,1/27/2019,1:00 PM,"$10,377","$11,878.07","-$1,640.55",-13.81%,"$11,985.00","$1,747.48",14.58%,$138.98,1.34%,1,0,TRUE
,Week 105,"$10,199.98",1.87%,UpTrend,"$10,400.00",-0.09%,Sideways,Saturday,2/2/2019,1:00 AM,"$10,391",Sunday,2/3/2019,1:00 PM,"$10,297","$10,365.00",$25.90,0.25%,"$10,465.14",$74.24,0.71%,-$93.70,-0.91%,0,1,FALSE
,Week 106,"$9,584.44",0.14%,Sideways,"$9,509.75",0.92%,Sideways,Saturday,2/9/2019,1:00 AM,"$9,598",Sunday,2/10/2019,1:00 PM,"$9,578","$10,357.42",-$759.89,-7.34%,"$10,419.42",$821.89,7.89%,-$19.71,-0.21%,0,1,FALSE
,Week 107,"$10,822.29",-4.53%,DownTrend,"$10,356.42",-0.24%,Sideways,Saturday,2/16/2019,1:00 AM,"$10,332",Sunday,2/17/2019,1:00 PM,"$10,381","$9,610.00",$721.65,7.51%,"$9,684.51",-$647.14,-6.68%,$48.86,0.47%,1,0,TRUE
,Week 108,"$10,325.28",-0.16%,Sideways,"$10,222.81",0.84%,Sideways,Saturday,2/23/2019,1:00 AM,"$10,309",Sunday,2/24/2019,1:00 PM,"$10,311","$10,452.00",-$143.11,-1.37%,"$10,558.00",$249.11,2.36%,$1.79,0.02%,1,0,TRUE
,Week 109,"$10,218.80",-0.59%,Sideways,"$10,158.49",0.00%,Sideways,Saturday,3/2/2019,1:00 AM,"$10,158",Sunday,3/3/2019,1:00 PM,"$10,034","$10,363.73",-$205.63,-1.98%,"$10,419.99",$261.89,2.51%,-$124.09,-1.24%,0,1,FALSE
,Week 110,"$7,991.52",2.57%,UpTrend,"$8,029.94",2.08%,UpTrend,Saturday,3/9/2019,1:00 AM,"$8,197",Sunday,3/10/2019,1:00 PM,"$7,995","$10,145.34","-$1,948.38",-19.20%,"$10,176.70","$1,979.74",19.45%,-$201.94,-2.53%,0,1,FALSE
,Week 111,"$8,125.97",0.05%,Sideways,"$8,184.84",-0.67%,Sideways,Saturday,3/16/2019,1:00 AM,"$8,130",Sunday,3/17/2019,1:00 PM,"$7,938","$8,171.59",-$41.73,-0.51%,"$8,315.00",$185.14,2.23%,-$191.74,-2.42%,0,1,FALSE
,Week 112,"$8,337.62",-0.78%,Sideways,"$8,312.94",-0.49%,Sideways,Saturday,3/23/2019,1:00 AM,"$8,272",Sunday,3/24/2019,1:00 PM,"$8,396","$8,120.94",$151.40,1.86%,"$8,183.41",-$88.93,-1.09%,$123.85,1.48%,1,0,TRUE
,Week 113,"$7,920.69",0.04%,Sideways,"$7,931.58",-0.10%,Sideways,Saturday,3/30/2019,1:00 AM,"$7,924",Sunday,3/31/2019,1:00 PM,"$7,951","$8,347.52",-$423.74,-5.08%,"$8,400.00",$476.22,5.67%,$27.25,0.34%,1,0,TRUE
,Week 114,"$7,619.46",20.75%,UpTrend,"$8,622.00",6.71%,UpTrend,Saturday,4/6/2019,1:00 AM,"$9,200",Sunday,4/7/2019,1:00 PM,"$9,302","$8,003.11","$1,197.07",14.96%,"$8,098.10","-$1,102.08",-13.61%,$101.58,1.09%,1,0,TRUE
,Week 115,"$9,188.35",0.61%,Sideways,"$9,183.51",0.67%,Sideways,Saturday,4/13/2019,1:00 AM,"$9,245",Sunday,4/14/2019,1:00 PM,"$9,150","$9,592.39",-$347.65,-3.62%,"$10,370.00","$1,125.26",10.85%,-$94.66,-1.03%,0,1,FALSE
,Week 116,"$9,010.83",-2.20%,DownTrend,"$8,819.11",-0.07%,Sideways,Saturday,4/20/2019,1:00 AM,"$8,813",Sunday,4/21/2019,1:00 PM,"$8,842","$9,308.88",-$495.87,-5.33%,"$9,373.74",$560.73,5.98%,$28.95,0.33%,1,0,TRUE
,Week 117,"$8,664.42",-2.27%,DownTrend,"$8,496.81",-0.34%,Sideways,Saturday,4/27/2019,1:00 AM,"$8,468",Sunday,4/28/2019,1:00 PM,"$8,560","$8,833.20",-$365.39,-4.14%,"$8,880.00",$412.19,4.64%,$91.86,1.07%,1,0,TRUE
,Week 118,"$7,146.81",0.67%,Sideways,"$7,232.85",-0.52%,Sideways,Saturday,5/4/2019,1:00 AM,"$7,195",Sunday,5/5/2019,1:00 PM,"$7,155","$8,481.69","-$1,286.66",-15.17%,"$8,543.00","$1,347.97",15.78%,-$40.03,-0.56%,0,1,FALSE
,Week 119,"$7,594.94",2.20%,UpTrend,"$7,740.01",0.28%,Sideways,Saturday,5/11/2019,1:00 AM,"$7,762",Sunday,5/12/2019,1:00 PM,"$7,354","$7,293.26",$468.53,6.42%,"$7,344.48",-$417.31,-5.68%,-$407.86,-5.55%,0,1,FALSE
,Week 120,"$7,367.92",2.09%,UpTrend,"$7,440.01",1.10%,UpTrend,Saturday,5/18/2019,1:00 AM,"$7,522",Sunday,5/19/2019,1:00 PM,"$7,497","$7,732.80",-$211.06,-2.73%,"$7,810.00",$288.26,3.69%,-$25.24,-0.34%,0,1,FALSE
,Week 121,"$7,230.04",0.24%,Sideways,"$7,239.97",0.11%,Sideways,Saturday,5/25/2019,1:00 AM,"$7,248",Sunday,5/26/2019,1:00 PM,"$7,080","$7,533.33",-$285.64,-3.79%,"$7,619.62",$371.93,4.88%,-$167.44,-2.36%,0,1,FALSE
,Week 122,"$7,186.38",-0.30%,Sideways,"$7,192.00",-0.38%,Sideways,Saturday,6/1/2019,1:00 AM,"$7,165",Sunday,6/2/2019,1:00 PM,"$7,170","$7,256.05",-$91.51,-1.26%,"$7,271.77",$107.23,1.47%,$5.46,0.08%,1,0,TRUE
,Week 123,"$7,227.45",1.16%,UpTrend,"$7,220.83",1.25%,UpTrend,Saturday,6/8/2019,1:00 AM,"$7,311",Sunday,6/9/2019,1:00 PM,"$7,363","$7,154.14",$157.29,2.20%,"$7,190.58",-$120.85,-1.68%,$51.77,0.70%,1,0,TRUE
,Week 124,"$7,324.10",-0.26%,Sideways,"$7,342.95",-0.52%,Sideways,Saturday,6/15/2019,1:00 AM,"$7,305",Sunday,6/16/2019,1:00 PM,"$7,458","$7,333.08",-$28.12,-0.38%,"$7,365.01",$60.05,0.82%,$152.83,2.05%,1,0,TRUE
,Week 125,"$7,893.98",3.48%,UpTrend,"$8,022.15",1.82%,UpTrend,Saturday,6/22/2019,1:00 AM,"$8,168",Sunday,6/23/2019,1:00 PM,"$8,132","$7,342.67",$825.72,11.25%,"$7,404.00",-$764.39,-10.32%,-$36.20,-0.45%,0,1,FALSE
,Week 126,"$8,808.17",1.94%,UpTrend,"$8,920.50",0.66%,Sideways,Saturday,6/29/2019,1:00 AM,"$8,979",Sunday,6/30/2019,1:00 PM,"$8,628","$8,165.16",$814.07,9.97%,"$8,286.34",-$692.89,-8.36%,-$351.23,-4.07%,0,1,FALSE
,Week 127,"$8,436.53",-1.51%,DownTrend,"$8,485.54",-2.07%,DownTrend,Saturday,7/6/2019,1:00 AM,"$8,310",Sunday,7/7/2019,1:00 PM,"$8,457","$8,918.01",-$608.50,-6.82%,"$8,988.88",$679.37,7.56%,$147.73,1.75%,1,0,TRUE
,Week 128,"$9,283.19",1.08%,UpTrend,"$9,318.96",0.69%,Sideways,Saturday,7/13/2019,1:00 AM,"$9,383",Sunday,7/14/2019,1:00 PM,"$9,423","$8,367.91","$1,015.44",12.13%,"$8,451.26",-$932.09,-11.03%,$39.76,0.42%,1,0,TRUE
,Week 129,"$9,756.42",0.34%,Sideways,"$9,799.38",-0.10%,Sideways,Saturday,7/20/2019,1:00 AM,"$9,790",Sunday,7/21/2019,1:00 PM,"$10,127","$9,403.27",$386.73,4.11%,"$9,464.53",-$325.47,-3.44%,$336.50,3.32%,1,0,TRUE
,Week 130,"$10,258.56",0.73%,Sideways,"$10,356.95",-0.23%,Sideways,Saturday,7/27/2019,1:00 AM,"$10,333",Sunday,7/28/2019,1:00 PM,"$9,917","$9,892.50",$440.49,4.45%,"$9,940.00",-$392.99,-3.95%,-$415.57,-4.19%,0,1,FALSE
,Week 131,"$9,747.01",-0.59%,Sideways,"$9,701.20",-0.12%,Sideways,Saturday,8/3/2019,1:00 AM,"$9,690",Sunday,8/4/2019,1:00 PM,"$9,844","$10,320.00",-$630.34,-6.11%,"$10,375.00",$685.34,6.61%,$154.36,1.57%,1,0,TRUE
,Week 132,"$8,525.01",2.28%,UpTrend,"$8,539.72",2.10%,UpTrend,Saturday,8/10/2019,1:00 AM,"$8,719",Sunday,8/11/2019,1:00 PM,"$8,575","$9,668.94",-$949.90,-9.82%,"$9,709.17",$990.13,10.20%,-$144.37,-1.68%,0,1,FALSE
,Week 133,"$9,109.53",0.10%,Sideways,"$9,064.98",0.60%,Sideways,Saturday,8/17/2019,1:00 AM,"$9,119",Sunday,8/18/2019,1:00 PM,"$8,680","$8,729.81",$389.19,4.46%,"$8,790.00",-$329.00,-3.74%,-$439.28,-5.06%,0,1,FALSE
,Week 134,"$5,529.32",-1.40%,DownTrend,"$4,981.96",9.44%,UpTrend,Saturday,8/24/2019,1:00 AM,"$5,452",Sunday,8/25/2019,1:00 PM,"$5,308","$9,102.54","-$3,650.44",-40.10%,"$9,188.00","$3,735.90",40.66%,-$144.39,-2.72%,0,1,FALSE
,Week 135,"$6,614.10",-7.15%,DownTrend,"$6,192.59",-0.84%,Sideways,Saturday,8/31/2019,1:00 AM,"$6,141",Sunday,9/1/2019,1:00 PM,"$6,018","$5,515.67",$625.21,11.34%,"$5,640.52",-$500.36,-8.87%,-$122.83,-2.04%,0,1,FALSE
,Week 136,"$6,633.30",-4.95%,DownTrend,"$6,646.95",-5.14%,DownTrend,Saturday,9/7/2019,1:00 AM,"$6,305",Sunday,9/8/2019,1:00 PM,"$6,122","$6,230.33",$74.94,1.20%,"$6,456.98",$151.71,2.35%,-$182.83,-2.99%,0,1,FALSE
,Week 137,"$6,918.00",-2.37%,DownTrend,"$6,747.51",0.10%,Sideways,Saturday,9/14/2019,1:00 AM,"$6,754",Sunday,9/15/2019,1:00 PM,"$6,789","$6,250.00",$503.98,8.06%,"$6,360.00",-$393.98,-6.19%,$35.02,0.52%,1,0,TRUE
,Week 138,"$6,921.48",-0.26%,Sideways,"$6,913.49",-0.14%,Sideways,Saturday,9/21/2019,1:00 AM,"$6,904",Sunday,9/22/2019,1:00 PM,"$6,910","$6,821.09",$82.64,1.21%,"$6,990.41",$86.68,1.24%,$6.30,0.09%,1,0,TRUE
,Week 139,"$7,099.99",-0.46%,Sideways,"$7,033.94",0.47%,Sideways,Saturday,9/28/2019,1:00 AM,"$7,067",Sunday,9/29/2019,1:00 PM,"$7,156","$6,908.27",$158.72,2.30%,"$6,944.30",-$122.69,-1.77%,$88.84,1.24%,1,0,TRUE
,Week 140,"$7,506.20",-0.46%,Sideways,"$7,516.38",-0.60%,Sideways,Saturday,10/5/2019,1:00 AM,"$7,472",Sunday,10/6/2019,1:00 PM,"$7,645","$7,225.01",$246.59,3.41%,"$7,293.08",-$178.52,-2.45%,$173.49,2.27%,1,0,TRUE
,Week 141,"$8,878.52",-0.57%,Sideways,"$8,733.45",1.08%,UpTrend,Saturday,10/12/2019,1:00 AM,"$8,828",Sunday,10/13/2019,1:00 PM,"$8,960","$7,551.25","$1,276.73",16.91%,"$7,705.00","-$1,122.98",-14.57%,$132.00,1.47%,1,0,TRUE
,Week 142,"$9,829.01",0.41%,Sideways,"$9,888.94",-0.20%,Sideways,Saturday,10/19/2019,1:00 AM,"$9,870",Sunday,10/20/2019,1:00 PM,"$8,717","$8,948.00",$921.58,10.30%,"$9,010.00",-$859.58,-9.54%,"-$1,152.90",-13.23%,0,1,FALSE
,Week 143,"$9,521.49",-1.32%,DownTrend,"$9,490.35",-0.99%,Sideways,Saturday,10/26/2019,1:00 AM,"$9,396",Sunday,10/27/2019,1:00 PM,"$9,769","$9,849.33",-$453.32,-4.60%,"$9,914.25",$518.24,5.23%,$372.74,3.82%,1,0,TRUE
,Week 144,"$9,173.15",0.73%,Sideways,"$9,200.25",0.43%,Sideways,Saturday,11/2/2019,1:00 AM,"$9,240",Sunday,11/3/2019,1:00 PM,"$9,160","$9,445.14",-$205.17,-2.17%,"$9,588.00",$348.03,3.63%,-$80.07,-0.87%,0,1,FALSE
,Week 145,"$9,398.19",-0.30%,Sideways,"$9,434.45",-0.68%,Sideways,Saturday,11/9/2019,1:00 AM,"$9,370",Sunday,11/10/2019,1:00 PM,"$9,577","$9,267.25",$102.85,1.11%,"$9,307.85",-$62.25,-0.67%,$206.42,2.16%,1,0,TRUE
,Week 146,"$9,672.89",-0.74%,Sideways,"$9,740.79",-1.43%,DownTrend,Saturday,11/16/2019,1:00 AM,"$9,601",Sunday,11/17/2019,1:00 PM,"$9,512","$9,636.96",-$35.70,-0.37%,"$9,740.00",$138.74,1.42%,-$89.48,-0.94%,0,1,FALSE
,Week 147,"$9,459.66",-0.14%,Sideways,"$9,397.98",0.52%,Sideways,Saturday,11/23/2019,1:00 AM,"$9,447",Sunday,11/24/2019,1:00 PM,"$9,410","$9,676.62",-$229.95,-2.38%,"$9,735.00",$288.33,2.96%,-$36.61,-0.39%,0,1,FALSE
,Week 148,"$9,384.00",-0.87%,Sideways,"$9,325.00",-0.24%,Sideways,Saturday,11/30/2019,1:00 AM,"$9,303",Sunday,12/1/2019,1:00 PM,"$9,347","$9,431.05",-$128.39,-1.36%,"$9,494.73",$192.07,2.02%,$44.40,0.48%,1,0,TRUE
,Week 149,"$9,207.99",-0.67%,Sideways,"$9,141.11",0.06%,Sideways,Saturday,12/7/2019,1:00 AM,"$9,147",Sunday,12/8/2019,1:00 PM,"$9,050","$9,341.43",-$194.83,-2.09%,"$9,395.00",$248.40,2.64%,-$96.60,-1.07%,0,1,FALSE
,Week 150,"$9,107.98",-0.39%,Sideways,"$9,079.25",-0.07%,Sideways,Saturday,12/14/2019,1:00 AM,"$9,073",Sunday,12/15/2019,1:00 PM,"$9,043","$9,162.03",-$89.45,-0.98%,"$9,196.24",$123.66,1.34%,-$29.82,-0.33%,0,1,FALSE
,Week 151,"$9,186.11",1.01%,UpTrend,"$9,219.86",0.64%,Sideways,Saturday,12/21/2019,1:00 AM,"$9,279",Sunday,12/22/2019,1:00 PM,"$9,267","$9,120.17",$158.52,1.74%,"$9,190.00",-$88.69,-0.97%,-$11.41,-0.12%,0,1,FALSE
,Week 152,"$9,162.88",-0.14%,Sideways,"$9,161.73",-0.13%,Sideways,Saturday,12/28/2019,1:00 AM,"$9,150",Sunday,12/29/2019,1:00 PM,"$9,132","$9,270.99",-$121.01,-1.31%,"$9,299.28",$149.30,1.61%,-$17.52,-0.19%,0,1,FALSE
,Week 153,"$9,521.35",0.17%,Sideways,"$9,580.00",-0.44%,Sideways,Saturday,1/4/2020,1:00 AM,"$9,538",Sunday,1/5/2020,1:00 PM,"$9,878","$9,165.92",$371.66,4.05%,"$9,219.30",-$318.28,-3.45%,$340.71,3.45%,1,0,TRUE
,Week 154,"$11,238.00",0.09%,Sideways,"$11,239.79",0.07%,Sideways,Saturday,1/11/2020,1:00 AM,"$11,248",Sunday,1/12/2020,1:00 PM,"$10,993","$9,682.64","$1,565.22",16.17%,"$9,732.90","-$1,514.96",-15.57%,-$254.47,-2.31%,0,1,FALSE
,Week 155,"$11,753.85",-1.32%,DownTrend,"$11,479.73",1.04%,UpTrend,Saturday,1/18/2020,1:00 AM,"$11,599",Sunday,1/19/2020,1:00 PM,"$11,655","$11,732.20",-$133.36,-1.14%,"$11,861.00",$262.16,2.21%,$55.80,0.48%,1,0,TRUE
,Week 156,"$11,739.00",1.52%,UpTrend,"$11,823.24",0.80%,Sideways,Saturday,1/25/2020,1:00 AM,"$11,917",Sunday,1/26/2020,1:00 PM,"$11,771","$11,751.32",$165.93,1.41%,"$11,808.27",-$108.98,-0.92%,-$146.20,-1.24%,0,1,FALSE
,Week 157,"$11,760.24",-2.90%,DownTrend,"$11,671.20",-2.15%,DownTrend,Saturday,2/1/2020,1:00 AM,"$11,420",Sunday,2/2/2020,1:00 PM,"$11,561","$11,875.60",-$455.86,-3.84%,"$11,980.00",$560.26,4.68%,$141.25,1.22%,1,0,TRUE
,Week 158,"$11,440.88",0.43%,Sideways,"$11,481.65",0.07%,Sideways,Saturday,2/8/2020,1:00 AM,"$11,490",Sunday,2/9/2020,1:00 PM,"$11,599","$11,656.63",-$166.83,-1.43%,"$11,686.00",$196.20,1.68%,$108.95,0.94%,1,0,TRUE
,Week 159,"$10,464.47",0.16%,Sideways,"$10,516.64",-0.33%,Sideways,Saturday,2/15/2020,1:00 AM,"$10,481",Sunday,2/16/2020,1:00 PM,"$10,246","$11,525.99","-$1,044.57",-9.06%,"$11,580.02","$1,098.60",9.49%,-$235.69,-2.30%,0,1,FALSE
,Week 160,"$10,289.43",0.56%,Sideways,"$10,313.15",0.33%,Sideways,Saturday,2/22/2020,1:00 AM,"$10,347",Sunday,2/23/2020,1:00 PM,"$10,290","$10,443.35",-$96.04,-0.92%,"$10,565.68",$218.37,2.07%,-$57.25,-0.56%,0,1,FALSE
,Week 161,"$10,990.49",-0.16%,Sideways,"$10,861.63",1.02%,UpTrend,Saturday,2/29/2020,1:00 AM,"$10,973",Sunday,3/1/2020,1:00 PM,"$10,851","$10,427.68",$545.11,5.23%,"$10,477.97",-$494.82,-4.72%,-$122.16,-1.13%,0,1,FALSE
,Week 162,"$10,990.49",-3.10%,DownTrend,"$10,705.38",-0.52%,Sideways,Saturday,3/7/2020,1:00 AM,"$10,650",Sunday,3/8/2020,1:00 PM,"$10,667","$11,072.24",-$422.37,-3.81%,"$11,179.79",$529.92,4.74%,$17.10,0.16%,1,0,TRUE
,Week 163,"$10,615.48",-0.66%,Sideways,"$10,553.10",-0.08%,Sideways,Saturday,3/14/2020,1:00 AM,"$10,545",Sunday,3/15/2020,1:00 PM,"$10,606","$10,726.57",-$181.65,-1.69%,"$10,820.94",$276.02,2.55%,$61.49,0.58%,1,0,TRUE
,Week 164,"$10,489.28",5.61%,UpTrend,"$11,047.02",0.28%,Sideways,Saturday,3/21/2020,1:00 AM,"$11,078",Sunday,3/22/2020,1:00 PM,"$11,356","$10,569.00",$508.54,4.81%,"$10,603.56",-$473.98,-4.47%,$278.19,2.45%,1,0,TRUE
,Week 165,"$11,067.68",2.07%,UpTrend,"$11,363.28",-0.59%,Sideways,Saturday,3/28/2020,1:00 AM,"$11,297",Sunday,3/29/2020,1:00 PM,"$11,417","$11,382.22",-$85.47,-0.75%,"$11,491.00",$194.25,1.69%,$120.53,1.06%,1,0,TRUE
,Week 166,"$11,368.15",13.53%,UpTrend,"$12,852.97",0.41%,Sideways,Saturday,4/4/2020,1:00 AM,"$12,906",Sunday,4/5/2020,1:00 PM,"$12,972","$11,341.69","$1,564.13",13.79%,"$11,402.42","-$1,503.40",-13.18%,$66.52,0.51%,1,0,TRUE
,Week 167,"$12,974.00",4.94%,UpTrend,"$13,524.51",0.67%,Sideways,Saturday,4/11/2020,1:00 AM,"$13,615",Sunday,4/12/2020,1:00 PM,"$13,760","$13,083.35",$531.92,4.07%,"$13,166.73",-$448.54,-3.41%,$145.02,1.05%,1,0,TRUE
,Week 168,"$13,328.81",17.10%,UpTrend,"$15,459.85",0.96%,Sideways,Saturday,4/18/2020,1:00 AM,"$15,608",Sunday,4/19/2020,1:00 PM,"$15,242","$13,855.41","$1,752.32",12.65%,"$14,100.00","-$1,507.73",-10.69%,-$365.66,-2.40%,0,1,FALSE
,Week 169,"$15,453.66",5.37%,UpTrend,"$16,246.69",0.23%,Sideways,Saturday,4/25/2020,1:00 AM,"$16,284",Sunday,4/26/2020,1:00 PM,"$15,985","$15,569.28",$714.68,4.59%,"$15,753.52",-$530.44,-3.37%,-$298.76,-1.87%,0,1,FALSE
,Week 170,"$16,246.53",16.09%,UpTrend,"$18,582.32",1.50%,UpTrend,Saturday,5/2/2020,1:00 AM,"$18,861",Sunday,5/3/2020,1:00 PM,"$18,107","$16,213.21","$2,647.35",16.33%,"$16,326.99","-$2,533.57",-15.52%,-$753.31,-4.16%,0,1,FALSE
,Week 171,"$18,235.00",-5.95%,DownTrend,"$16,781.22",2.20%,UpTrend,Saturday,5/9/2020,1:00 AM,"$17,150",Sunday,5/10/2020,1:00 PM,"$18,030","$18,770.69","-$1,620.69",-8.63%,"$18,965.90","$1,815.90",9.57%,$880.08,4.88%,1,0,TRUE
,Week 172,"$17,066.94",9.94%,UpTrend,"$19,056.45",-1.53%,DownTrend,Saturday,5/16/2020,1:00 AM,"$18,764",Sunday,5/17/2020,1:00 PM,"$18,983","$17,671.14","$1,093.09",6.19%,"$17,880.49",-$883.74,-4.94%,$218.64,1.15%,1,0,TRUE
,Week 173,"$19,026.49",-3.60%,DownTrend,"$18,044.26",1.65%,UpTrend,Saturday,5/23/2020,1:00 AM,"$18,342",Sunday,5/24/2020,1:00 PM,"$19,349","$19,085.00",-$742.95,-3.89%,"$19,177.00",$834.95,4.35%,"$1,006.92",5.20%,1,0,TRUE
,Week 174,"$17,864.73",28.49%,UpTrend,"$22,781.44",0.76%,Sideways,Saturday,5/30/2020,1:00 AM,"$22,954",Sunday,5/31/2020,1:00 PM,"$23,472","$18,768.77","$4,185.25",22.30%,"$18,948.66","-$4,005.36",-21.14%,$518.43,2.21%,1,0,TRUE
,Week 175,"$22,939.41",7.24%,UpTrend,"$24,356.31",1.00%,UpTrend,Saturday,6/6/2020,1:00 AM,"$24,601",Sunday,6/7/2020,1:00 PM,"$27,205","$23,825.95",$775.12,3.25%,"$24,171.47",-$429.60,-1.78%,"$2,604.40",9.57%,1,0,TRUE
,Week 176,"$24,346.97",19.92%,UpTrend,"$29,072.70",0.43%,Sideways,Saturday,6/13/2020,1:00 AM,"$29,198",Sunday,6/14/2020,1:00 PM,"$34,104","$26,362.26","$2,835.67",10.76%,"$26,867.03","-$2,330.90",-8.68%,"$4,905.80",14.38%,1,0,TRUE
,Week 177,"$29,233.49",37.81%,UpTrend,"$39,920.67",0.92%,Sideways,Saturday,6/20/2020,1:00 AM,"$40,286",Sunday,6/21/2020,1:00 PM,"$39,539","$32,690.00","$7,596.09",23.24%,"$33,300.00","-$6,986.09",-20.98%,-$747.53,-1.89%,0,1,FALSE
,Week 178,"$41,318.03",-10.06%,DownTrend,"$35,421.56",4.91%,UpTrend,Saturday,6/27/2020,1:00 AM,"$37,160",Sunday,6/28/2020,1:00 PM,"$35,124","$40,700.00","-$3,540.49",-8.70%,"$41,380.00","$4,220.49",10.20%,"-$2,035.44",-5.80%,0,1,FALSE
,Week 179,"$37,770.64",-13.42%,DownTrend,"$33,275.67",-1.72%,DownTrend,Saturday,7/4/2020,1:00 AM,"$32,702",Sunday,7/5/2020,1:00 PM,"$32,362","$37,300.00","-$4,597.82",-12.33%,"$37,950.00","$5,247.82",13.83%,-$339.86,-1.05%,0,1,FALSE
,Week 180,"$31,550.00",8.56%,UpTrend,"$35,204.22",-2.71%,DownTrend,Saturday,7/11/2020,1:00 AM,"$34,250",Sunday,7/12/2020,1:00 PM,"$33,974","$32,771.99","$1,478.11",4.51%,"$33,456.00",-$794.10,-2.37%,-$276.05,-0.81%,0,1,FALSE
,Week 181,"$37,842.07",2.38%,UpTrend,"$37,405.63",3.57%,UpTrend,Saturday,7/18/2020,1:00 AM,"$38,741",Sunday,7/19/2020,1:00 PM,"$38,821","$34,516.78","$4,224.14",12.24%,"$34,933.00","-$3,807.92",-10.90%,$79.95,0.21%,1,0,TRUE
,Week 182,"$37,850.36",25.39%,UpTrend,"$47,268.27",0.40%,Sideways,Saturday,7/25/2020,1:00 AM,"$47,460",Sunday,7/26/2020,1:00 PM,"$49,434","$40,478.19","$6,981.34",17.25%,"$40,955.51","-$6,504.02",-15.88%,"$1,974.52",3.99%,1,0,TRUE
,Week 183,"$47,669.82",17.94%,UpTrend,"$55,384.46",1.51%,UpTrend,Saturday,8/1/2020,1:00 AM,"$56,223",Sunday,8/2/2020,1:00 PM,"$56,889","$47,693.44","$8,530.00",17.89%,"$48,150.00","-$8,073.44",-16.77%,$665.37,1.17%,1,0,TRUE
,Week 184,"$52,534.76",-9.54%,DownTrend,"$47,317.09",0.44%,Sideways,Saturday,8/8/2020,1:00 AM,"$47,523",Sunday,8/9/2020,1:00 PM,"$44,757","$56,923.04","-$9,399.70",-16.51%,"$57,700.46","$10,177.12",17.64%,"-$2,766.35",-6.18%,0,1,FALSE
,Week 185,"$46,823.38",4.24%,UpTrend,"$48,478.12",0.68%,Sideways,Saturday,8/15/2020,1:00 AM,"$48,808",Sunday,8/16/2020,1:00 PM,"$50,746","$47,527.33","$1,280.50",2.69%,"$48,394.00",-$413.83,-0.86%,"$1,938.37",3.82%,1,0,TRUE
,Week 186,"$47,650.00",18.97%,UpTrend,"$57,349.24",-1.15%,DownTrend,Saturday,8/22/2020,1:00 AM,"$56,689",Sunday,8/23/2020,1:00 PM,"$60,428","$48,805.00","$7,884.36",16.15%,"$49,200.00","-$7,489.36",-15.22%,"$3,738.45",6.19%,1,0,TRUE
,Week 187,"$56,385.97",4.00%,UpTrend,"$58,800.00",-0.27%,Sideways,Saturday,8/29/2020,1:00 AM,"$58,639",Sunday,8/30/2020,1:00 PM,"$56,192","$61,089.98","-$2,450.65",-4.01%,"$61,844.00","$3,204.67",5.18%,"-$2,447.69",-4.36%,0,1,FALSE
,Week 188,"$58,849.99",-6.97%,DownTrend,"$53,682.51",1.98%,UpTrend,Saturday,9/5/2020,1:00 AM,"$54,745",Sunday,9/6/2020,1:00 PM,"$55,525","$59,134.89","-$4,389.52",-7.42%,"$59,880.00","$5,134.63",8.57%,$779.88,1.40%,1,0,TRUE
,Week 189,"$53,001.57",12.05%,UpTrend,"$59,087.71",0.51%,Sideways,Saturday,9/12/2020,1:00 AM,"$59,387",Sunday,9/13/2020,1:00 PM,"$57,755","$56,024.67","$3,362.46",6.00%,"$56,700.36","-$2,686.77",-4.74%,"-$1,632.06",-2.83%,0,1,FALSE
,Week 190,"$59,491.30",-2.32%,DownTrend,"$58,381.85",-0.47%,Sideways,Saturday,9/19/2020,1:00 AM,"$58,109",Sunday,9/20/2020,1:00 PM,"$59,724","$59,338.14","-$1,229.06",-2.07%,"$59,791.72","$1,682.64",2.81%,"$1,615.36",2.70%,1,0,TRUE
,Week 191,"$58,504.18",5.02%,UpTrend,"$61,817.55",-0.61%,Sideways,Saturday,9/26/2020,1:00 AM,"$61,440",Sunday,9/27/2020,1:00 PM,"$54,947","$60,663.10",$776.89,1.28%,"$61,500.00",$60.01,0.10%,"-$6,492.75",-11.82%,0,1,FALSE
,Week 192,"$60,716.32",-17.87%,DownTrend,"$50,563.59",-1.38%,DownTrend,Saturday,10/3/2020,1:00 AM,"$49,865",Sunday,10/4/2020,1:00 PM,"$49,861","$62,114.99","-$12,250.05",-19.72%,"$62,506.05","$12,641.11",20.22%,-$3.73,-0.01%,0,1,FALSE
,Week 193,"$49,249.30",17.38%,UpTrend,"$56,857.48",1.68%,UpTrend,Saturday,10/10/2020,1:00 AM,"$57,810",Sunday,10/11/2020,1:00 PM,"$56,840","$50,623.01","$7,186.98",14.20%,"$51,166.22","-$6,643.77",-12.98%,-$970.33,-1.71%,0,1,FALSE
,Week 194,"$54,655.81",5.57%,UpTrend,"$57,890.02",-0.33%,Sideways,Saturday,10/17/2020,1:00 AM,"$57,701",Sunday,10/18/2020,1:00 PM,"$56,434","$58,031.86",-$331.33,-0.57%,"$58,458.07",$757.54,1.30%,"-$1,266.99",-2.25%,0,1,FALSE
,Week 195,"$57,459.27",-13.95%,DownTrend,"$50,470.89",-2.03%,DownTrend,Saturday,10/24/2020,1:00 AM,"$49,445",Sunday,10/25/2020,1:00 PM,"$48,618","$58,901.45","-$9,456.75",-16.06%,"$59,500.00","$10,055.30",16.90%,-$826.56,-1.70%,0,1,FALSE
,Week 196,"$50,310.83",-25.16%,DownTrend,"$37,159.65",1.33%,UpTrend,Saturday,10/31/2020,1:00 AM,"$37,652",Sunday,11/1/2020,1:00 PM,"$33,945","$50,020.00","-$12,367.58",-24.73%,"$50,700.00","$13,047.58",25.73%,"-$3,707.66",-10.92%,0,1,FALSE
,Week 197,"$40,508.01",-10.59%,DownTrend,"$36,190.91",0.07%,Sideways,Saturday,11/7/2020,1:00 AM,"$36,218",Sunday,11/8/2020,1:00 PM,"$35,525","$37,965.36","-$1,747.39",-4.60%,"$38,829.00","$2,611.03",6.72%,-$693.03,-1.95%,0,1,FALSE
,Week 198,"$36,590.24",2.99%,UpTrend,"$37,099.28",1.57%,UpTrend,Saturday,11/14/2020,1:00 AM,"$37,683",Sunday,11/15/2020,1:00 PM,"$35,870","$36,451.65","$1,231.19",3.38%,"$37,338.58",-$344.26,-0.92%,"-$1,813.04",-5.05%,0,1,FALSE
,Week 199,"$36,879.64",0.48%,Sideways,"$37,176.73",-0.32%,Sideways,Saturday,11/21/2020,1:00 AM,"$37,058",Sunday,11/22/2020,1:00 PM,"$35,886","$37,558.00",-$499.89,-1.33%,"$37,925.00",$866.89,2.29%,"-$1,171.96",-3.27%,0,1,FALSE
,Week 200,"$37,308.29",-4.19%,DownTrend,"$35,289.52",1.29%,UpTrend,Saturday,11/28/2020,1:00 AM,"$35,744",Sunday,11/29/2020,1:00 PM,"$33,922","$36,972.96","-$1,228.86",-3.32%,"$37,463.63","$1,719.53",4.59%,"-$1,821.93",-5.37%,0,1,FALSE
,Week 201,"$37,433.92",-14.52%,DownTrend,"$32,088.13",-0.27%,Sideways,Saturday,12/5/2020,1:00 AM,"$32,000",Sunday,12/6/2020,1:00 PM,"$33,319","$35,850.00","-$3,850.00",-10.74%,"$36,457.00","$4,457.00",12.23%,"$1,318.69",3.96%,1,0,TRUE
,Week 202,"$33,093.88",1.31%,UpTrend,"$33,288.79",0.72%,Sideways,Saturday,12/12/2020,1:00 AM,"$33,527",Sunday,12/13/2020,1:00 PM,"$35,248","$32,090.00","$1,436.82",4.48%,"$32,730.00",-$796.82,-2.43%,"$1,721.29",4.88%,1,0,TRUE
,Week 203,"$33,238.22",2.41%,UpTrend,"$33,382.02",1.97%,UpTrend,Saturday,12/19/2020,1:00 AM,"$34,040",Sunday,12/20/2020,1:00 PM,"$33,741","$34,603.53",-$563.58,-1.63%,"$34,945.61",$905.66,2.59%,-$299.40,-0.89%,0,1,FALSE
,Week 204,"$32,996.49",-4.12%,DownTrend,"$31,956.39",-1.00%,DownTrend,Saturday,12/26/2020,1:00 AM,"$31,637",Sunday,12/27/2020,1:00 PM,"$31,745","$33,794.12","-$2,157.60",-6.38%,"$34,262.00","$2,625.48",7.66%,$108.54,0.34%,1,0,TRUE
,Week 205,"$31,714.06",5.80%,UpTrend,"$32,129.99",4.43%,UpTrend,Saturday,1/2/2021,1:00 AM,"$33,553",Sunday,1/3/2021,1:00 PM,"$34,293","$31,723.08","$1,829.68",5.77%,"$31,955.92","-$1,596.84",-5.00%,$740.38,2.16%,1,0,TRUE
,Week 206,"$32,431.97",29.16%,UpTrend,"$39,083.48",7.18%,UpTrend,Saturday,1/9/2021,1:00 AM,"$41,890",Sunday,1/10/2021,1:00 PM,"$41,554","$34,236.01","$7,653.98",22.36%,"$34,500.00","-$7,389.99",-21.42%,-$336.30,-0.81%,0,1,FALSE
,Week 207,"$38,708.43",11.78%,UpTrend,"$42,792.95",1.12%,UpTrend,Saturday,1/16/2021,1:00 AM,"$43,270",Sunday,1/17/2021,1:00 PM,"$45,007","$41,842.23","$1,427.97",3.41%,"$42,448.00",-$822.20,-1.94%,"$1,736.36",3.86%,1,0,TRUE
,Week 208,"$40,762.87",16.85%,UpTrend,"$46,510.58",2.41%,UpTrend,Saturday,1/23/2021,1:00 AM,"$47,632",Sunday,1/24/2021,1:00 PM,"$45,808","$44,015.55","$3,616.31",8.22%,"$44,700.00","-$2,931.86",-6.56%,"-$1,823.86",-3.98%,0,1,FALSE
,Week 209,"$46,524.97",5.06%,UpTrend,"$48,458.00",0.87%,Sideways,Saturday,1/30/2021,1:00 AM,"$48,878",Sunday,1/31/2021,1:00 PM,"$48,862","$47,551.35","$1,326.89",2.79%,"$48,144.00",-$734.24,-1.53%,-$16.68,-0.03%,0,1,FALSE
,Week 210,"$47,164.31",4.41%,UpTrend,"$48,325.49",1.90%,UpTrend,Saturday,2/6/2021,1:00 AM,"$49,245",Sunday,2/7/2021,1:00 PM,"$48,361","$49,375.78",-$130.78,-0.26%,"$49,757.04",$512.04,1.03%,-$884.29,-1.83%,0,1,FALSE
,Week 211,"$47,338.57",5.45%,UpTrend,"$50,458.79",-1.07%,DownTrend,Saturday,2/13/2021,1:00 AM,"$49,919",Sunday,2/14/2021,1:00 PM,"$50,110","$49,021.59",$896.95,1.83%,"$49,299.00",-$619.54,-1.26%,$191.57,0.38%,1,0,TRUE
,Week 212,"$50,645.85",-10.71%,DownTrend,"$45,708.79",-1.07%,DownTrend,Saturday,2/20/2021,1:00 AM,"$45,221",Sunday,2/21/2021,1:00 PM,"$45,995","$50,201.00","-$4,979.72",-9.92%,"$50,535.69","$5,314.41",10.52%,$773.77,1.68%,1,0,TRUE
,Week 213,"$45,914.87",3.20%,UpTrend,"$47,195.50",0.40%,Sideways,Saturday,2/27/2021,1:00 AM,"$47,382",Sunday,2/28/2021,1:00 PM,"$47,275","$45,609.00","$1,773.23",3.89%,"$45,987.93","-$1,394.30",-3.03%,-$107.70,-0.23%,0,1,FALSE
,Week 214,"$47,464.92",-9.98%,DownTrend,"$42,152.07",1.37%,UpTrend,Saturday,3/6/2021,1:00 AM,"$42,728",Sunday,3/7/2021,1:00 PM,"$43,262","$48,571.27","-$5,843.39",-12.03%,"$48,843.20","$6,115.32",12.52%,$534.33,1.24%,1,0,TRUE
,Week 215,"$41,182.76",16.11%,UpTrend,"$47,724.17",0.20%,Sideways,Saturday,3/13/2021,1:00 AM,"$47,818",Sunday,3/14/2021,1:00 PM,"$47,964","$42,608.11","$5,209.62",12.23%,"$42,966.84","-$4,850.89",-11.29%,$146.71,0.31%,1,0,TRUE
,Week 216,"$47,214.37",14.93%,UpTrend,"$54,500.99",-0.43%,Sideways,Saturday,3/20/2021,1:00 AM,"$54,264",Sunday,3/21/2021,1:00 PM,"$54,942","$48,045.16","$6,219.00",12.94%,"$48,336.59","-$5,927.57",-12.26%,$677.57,1.23%,1,0,TRUE
,Week 217,"$54,841.00",12.05%,UpTrend,"$61,649.97",-0.33%,Sideways,Saturday,3/27/2021,1:00 AM,"$61,449",Sunday,3/28/2021,1:00 PM,"$60,861","$55,045.88","$6,403.04",11.63%,"$55,489.00","-$5,959.92",-10.74%,-$587.69,-0.97%,0,1,FALSE
,Week 218,"$59,270.01",3.21%,UpTrend,"$60,638.66",0.88%,Sideways,Saturday,4/3/2021,1:00 AM,"$61,175",Sunday,4/4/2021,1:00 PM,"$60,390","$61,856.00",-$681.01,-1.10%,"$62,378.42","$1,203.43",1.93%,-$785.28,-1.30%,0,1,FALSE
,Week 219,"$63,641.98",-2.71%,DownTrend,"$62,089.80",-0.28%,Sideways,Saturday,4/10/2021,1:00 AM,"$61,915",Sunday,4/11/2021,1:00 PM,"$60,284","$61,304.28",$611.09,1.00%,"$61,747.64",-$167.73,-0.27%,"-$1,631.50",-2.71%,0,1,FALSE
,Week 220,"$60,974.40",0.32%,Sideways,"$61,195.58",-0.04%,Sideways,Saturday,4/17/2021,1:00 AM,"$61,171",Sunday,4/18/2021,1:00 PM,"$61,768","$61,812.14",-$641.11,-1.04%,"$62,359.25","$1,188.22",1.91%,$597.12,0.97%,1,0,TRUE
,Week 221,"$61,500.01",4.63%,UpTrend,"$63,872.36",0.75%,Sideways,Saturday,4/24/2021,1:00 AM,"$64,349",Sunday,4/25/2021,1:00 PM,"$64,601","$61,305.54","$3,043.16",4.96%,"$61,560.49","-$2,788.21",-4.53%,$251.81,0.39%,1,0,TRUE
,Week 222,"$63,814.03",-8.75%,DownTrend,"$57,879.46",0.61%,Sideways,Saturday,5/1/2021,1:00 AM,"$58,233",Sunday,5/2/2021,1:00 PM,"$59,058","$64,600.00","-$6,366.63",-9.86%,"$65,000.00","$6,766.63",10.41%,$824.62,1.40%,1,0,TRUE
,Week 223,"$56,875.73",-4.91%,DownTrend,"$54,081.76",0.00%,Sideways,Saturday,5/8/2021,1:00 AM,"$54,083",Sunday,5/9/2021,1:00 PM,"$54,357","$59,504.95","-$5,422.23",-9.11%,"$59,845.00","$5,762.28",9.63%,$273.90,0.50%,1,0,TRUE
,Week 224,"$54,299.99",-2.32%,DownTrend,"$54,881.63",-3.35%,DownTrend,Saturday,5/15/2021,1:00 AM,"$53,041",Sunday,5/16/2021,1:00 PM,"$49,382","$54,832.01","-$1,790.68",-3.27%,"$55,280.00","$2,238.67",4.05%,"-$3,658.99",-7.41%,0,1,FALSE
,Week 225,"$56,789.76",-15.92%,DownTrend,"$47,822.76",-0.16%,Sideways,Saturday,5/22/2021,1:00 AM,"$47,746",Sunday,5/23/2021,1:00 PM,"$49,513","$53,000.00","-$5,253.72",-9.91%,"$53,859.10","$6,112.82",11.35%,"$1,767.10",3.57%,1,0,TRUE
,Week 226,"$49,092.20",-5.66%,DownTrend,"$46,989.28",-1.44%,DownTrend,Saturday,5/29/2021,1:00 AM,"$46,315",Sunday,5/30/2021,1:00 PM,"$47,257","$48,793.65","-$2,478.77",-5.08%,"$49,485.71","$3,170.83",6.41%,$941.76,1.99%,1,0,TRUE
,Week 227,"$47,039.43",8.52%,UpTrend,"$51,600.47",-1.08%,DownTrend,Saturday,6/5/2021,1:00 AM,"$51,045",Sunday,6/6/2021,1:00 PM,"$49,871","$46,930.46","$4,114.79",8.77%,"$47,392.37","-$3,652.88",-7.71%,"-$1,174.73",-2.36%,0,1,FALSE
,Week 228,"$51,026.21",-8.56%,DownTrend,"$46,686.42",-0.06%,Sideways,Saturday,6/12/2021,1:00 AM,"$46,656",Sunday,6/13/2021,1:00 PM,"$47,290","$50,858.56","-$4,202.42",-8.26%,"$51,156.23","$4,500.09",8.80%,$633.53,1.34%,1,0,TRUE
,Week 229,"$47,978.92",-12.48%,DownTrend,"$41,707.04",0.68%,Sideways,Saturday,6/19/2021,1:00 AM,"$41,992",Sunday,6/20/2021,1:00 PM,"$41,747","$47,420.00","-$5,428.11",-11.45%,"$47,954.63","$5,962.74",12.43%,-$244.91,-0.59%,0,1,FALSE
,Week 230,"$42,400.00",1.65%,UpTrend,"$43,050.04",0.12%,Sideways,Saturday,6/26/2021,1:00 AM,"$43,100",Sunday,6/27/2021,1:00 PM,"$43,006","$41,954.70","$1,145.30",2.73%,"$42,300.00",-$800.00,-1.89%,-$94.07,-0.22%,0,1,FALSE
,Week 231,"$42,057.26",-13.24%,DownTrend,"$38,268.42",-4.65%,DownTrend,Saturday,7/3/2021,1:00 AM,"$36,488",Sunday,7/4/2021,1:00 PM,"$35,803","$43,468.08","-$6,980.12",-16.06%,"$43,800.00","$7,312.04",16.69%,-$684.75,-1.91%,0,1,FALSE
,Week 232,"$38,186.16",-1.04%,DownTrend,"$37,050.56",1.99%,UpTrend,Saturday,7/10/2021,1:00 AM,"$37,788",Sunday,7/11/2021,1:00 PM,"$37,937","$36,263.00","$1,525.27",4.21%,"$36,835.22",-$953.05,-2.59%,$148.94,0.39%,1,0,TRUE
,Week 233,"$36,278.60",14.31%,UpTrend,"$40,469.27",2.48%,UpTrend,Saturday,7/17/2021,1:00 AM,"$41,471",Sunday,7/18/2021,1:00 PM,"$41,611","$38,279.99","$3,191.42",8.34%,"$38,720.74","-$2,750.67",-7.10%,$139.58,0.34%,1,0,TRUE
,Week 234,"$37,956.67",11.47%,UpTrend,"$42,664.58",-0.83%,Sideways,Saturday,7/24/2021,1:00 AM,"$42,311",Sunday,7/25/2021,1:00 PM,"$42,468","$41,558.17",$752.83,1.81%,"$41,913.69",-$397.31,-0.95%,$157.43,0.37%,1,0,TRUE
,Week 235,"$43,570.77",-7.73%,DownTrend,"$40,140.15",0.15%,Sideways,Saturday,7/31/2021,1:00 AM,"$40,202",Sunday,8/1/2021,1:00 PM,"$38,213","$42,723.94","-$2,522.34",-5.90%,"$43,079.49","$2,877.89",6.68%,"-$1,988.53",-5.20%,0,1,FALSE
,Week 236,"$40,441.44",-1.67%,DownTrend,"$38,655.33",2.87%,UpTrend,Saturday,8/7/2021,1:00 AM,"$39,765",Sunday,8/8/2021,1:00 PM,"$39,753","$40,241.86",-$476.40,-1.18%,"$40,444.32",$678.86,1.68%,-$12.85,-0.03%,0,1,FALSE
,Week 237,"$39,363.76",-1.57%,DownTrend,"$40,605.88",-4.59%,DownTrend,Saturday,8/14/2021,1:00 AM,"$38,744",Sunday,8/15/2021,1:00 PM,"$38,494","$39,562.17",-$818.18,-2.07%,"$40,348.45","$1,604.46",3.98%,-$249.93,-0.65%,0,1,FALSE
,Week 238,"$41,511.30",-5.70%,DownTrend,"$38,637.50",1.31%,UpTrend,Saturday,8/21/2021,1:00 AM,"$39,144",Sunday,8/22/2021,1:00 PM,"$38,499","$39,391.24",-$246.96,-0.63%,"$39,613.24",$468.96,1.18%,-$645.47,-1.68%,0,1,FALSE
,Week 239,"$39,914.10",4.89%,UpTrend,"$41,693.04",0.42%,Sideways,Saturday,8/28/2021,1:00 AM,"$41,867",Sunday,8/29/2021,1:00 PM,"$41,633","$39,132.78","$2,734.71",6.99%,"$39,486.71","-$2,380.78",-6.03%,-$234.49,-0.56%,0,1,FALSE
,Week 240,"$40,445.00",9.16%,UpTrend,"$44,459.22",-0.69%,Sideways,Saturday,9/4/2021,1:00 AM,"$44,151",Sunday,9/5/2021,1:00 PM,"$44,436","$42,096.09","$2,054.76",4.88%,"$42,400.00","-$1,750.85",-4.13%,$285.24,0.64%,1,0,TRUE
,Week 241,"$44,835.24",4.59%,UpTrend,"$46,334.62",1.21%,UpTrend,Saturday,9/11/2021,1:00 AM,"$46,895",Sunday,9/12/2021,1:00 PM,"$46,383","$44,440.63","$2,454.28",5.52%,"$44,792.99","-$2,101.92",-4.69%,-$511.79,-1.10%,0,1,FALSE
,Week 242,"$45,245.66",-6.21%,DownTrend,"$42,957.56",-1.22%,DownTrend,Saturday,9/18/2021,1:00 AM,"$42,435",Sunday,9/19/2021,1:00 PM,"$42,590","$46,648.68","-$4,213.65",-9.03%,"$47,213.00","$4,777.97",10.12%,$154.96,0.36%,1,0,TRUE
,Week 243,"$43,151.75",-6.01%,DownTrend,"$40,388.11",0.43%,Sideways,Saturday,9/25/2021,1:00 AM,"$40,560",Sunday,9/26/2021,1:00 PM,"$40,422","$42,501.31","-$1,941.31",-4.57%,"$42,800.00","$2,240.00",5.23%,-$138.28,-0.34%,0,1,FALSE
,Week 244,"$40,150.00",-1.45%,DownTrend,"$39,525.28",0.10%,Sideways,Saturday,10/2/2021,1:00 AM,"$39,566",Sunday,10/3/2021,1:00 PM,"$39,582","$40,525.67",-$959.21,-2.37%,"$40,709.35","$1,142.89",2.81%,$15.92,0.04%,1,0,TRUE
,Week 245,,,,,,,Saturday,10/9/2021,1:00 AM,,Sunday,10/10/2021,1:00 PM,,,,#DIV/0!,,$0,#DIV/0!,$0.00,#DIV/0!,1,0,
,Week 246,,,,,,,Saturday,10/16/2021,1:00 AM,,Sunday,10/17/2021,1:00 PM,,,,#DIV/0!,,$0,#DIV/0!,$0.00,#DIV/0!,1,0,
,Week 247,,,,,,,Saturday,10/23/2021,1:00 AM,,Sunday,10/24/2021,1:00 PM,,,,#DIV/0!,,$0,#DIV/0!,$0.00,#DIV/0!,1,0,
,Week 248,,,,,,,Saturday,10/30/2021,1:00 AM,,Sunday,10/31/2021,1:00 PM,,,,#DIV/0!,,$0,#DIV/0!,$0.00,#DIV/0!,1,0,
,Week 249,,,,,,,Saturday,11/6/2021,1:00 AM,,Sunday,11/7/2021,1:00 PM,,,,#DIV/0!,,$0,#DIV/0!,$0.00,#DIV/0!,1,0,
,Week 250,,,,,,,Saturday,11/13/2021,1:00 AM,,Sunday,11/14/2021,1:00 PM,,,,#DIV/0!,,$0,#DIV/0!,$0.00,#DIV/0!,1,0,
,Week 251,,,,,,,Saturday,11/20/2021,1:00 AM,,Sunday,11/21/2021,1:00 PM,,,,#DIV/0!,,$0,#DIV/0!,$0.00,#DIV/0!,1,0,
,Week 252,,,,,,,Saturday,11/27/2021,1:00 AM,,Sunday,11/28/2021,1:00 PM,,,,#DIV/0!,,$0,#DIV/0!,$0.00,#DIV/0!,1,0,
,Week 253,,,,,,,Saturday,12/4/2021,1:00 AM,,Sunday,12/5/2021,1:00 PM,,,,#DIV/0!,,$0,#DIV/0!,$0.00,#DIV/0!,1,0,
,Week 254,,,,,,,Saturday,12/11/2021,1:00 AM,,Sunday,12/12/2021,1:00 PM,,,,#DIV/0!,,$0,#DIV/0!,$0.00,#DIV/0!,1,0,
,Week 255,,,,,,,Saturday,12/18/2021,1:00 AM,,Sunday,12/19/2021,1:00 PM,,,,#DIV/0!,,$0,#DIV/0!,$0.00,#DIV/0!,1,0,
,Week 256,,,,,,,Saturday,12/25/2021,1:00 AM,,Sunday,12/26/2021,1:00 PM,,,,#DIV/0!,,$0,#DIV/0!,$0.00,#DIV/0!,1,0,
,Week 257,,,,,,,Saturday,1/1/2022,1:00 AM,,Sunday,1/2/2022,1:00 PM,,,,#DIV/0!,,$0,#DIV/0!,$0.00,#DIV/0!,1,0,
,Week 258,,,,,,,Saturday,1/8/2022,1:00 AM,,Sunday,1/9/2022,1:00 PM,,,,#DIV/0!,,$0,#DIV/0!,$0.00,#DIV/0!,1,0,
,Week 259,,,,,,,Saturday,1/15/2022,1:00 AM,,Sunday,1/16/2022,1:00 PM,,,,#DIV/0!,,$0,#DIV/0!,$0.00,#DIV/0!,1,0,
,Week 260,,,,,,,Saturday,1/22/2022,1:00 AM,,Sunday,1/23/2022,1:00 PM,,,,#DIV/0!,,$0,#DIV/0!,$0.00,#DIV/0!,1,0,
,Week 261,,,,,,,Saturday,1/29/2022,1:00 AM,,Sunday,1/30/2022,1:00 PM,,,,#DIV/0!,,$0,#DIV/0!,$0.00,#DIV/0!,1,0,
,Week 262,,,,,,,Saturday,2/5/2022,1:00 AM,,Sunday,2/6/2022,1:00 PM,,,,#DIV/0!,,$0,#DIV/0!,$0.00,#DIV/0!,1,0,
,Week 263,,,,,,,Saturday,2/12/2022,1:00 AM,,Sunday,2/13/2022,1:00 PM,,,,#DIV/0!,,$0,#DIV/0!,$0.00,#DIV/0!,1,0,
,Week 264,,,,,,,Saturday,2/19/2022,1:00 AM,,Sunday,2/20/2022,1:00 PM,,,,#DIV/0!,,$0,#DIV/0!,$0.00,#DIV/0!,1,0,
,Week 265,,,,,,,Saturday,2/26/2022,1:00 AM,,Sunday,2/27/2022,1:00 PM,,,,#DIV/0!,,$0,#DIV/0!,$0.00,#DIV/0!,1,0,
,Week 266,,,,,,,Saturday,3/5/2022,1:00 AM,,Sunday,3/6/2022,1:00 PM,,,,#DIV/0!,,$0,#DIV/0!,$0.00,#DIV/0!,1,0,
,Week 267,,,,,,,Saturday,3/12/2022,1:00 AM,,Sunday,3/13/2022,1:00 PM,,,,#DIV/0!,,$0,#DIV/0!,$0.00,#DIV/0!,1,0,
,Week 268,,,,,,,Saturday,3/19/2022,1:00 AM,,Sunday,3/20/2022,1:00 PM,,,,#DIV/0!,,$0,#DIV/0!,$0.00,#DIV/0!,1,0,
,Week 269,,,,,,,Saturday,3/26/2022,1:00 AM,,Sunday,3/27/2022,1:00 PM,,,,#DIV/0!,,$0,#DIV/0!,$0.00,#DIV/0!,1,0,
,Week 270,,,,,,,Saturday,4/2/2022,1:00 AM,,Sunday,4/3/2022,1:00 PM,,,,#DIV/0!,,$0,#DIV/0!,$0.00,#DIV/0!,1,0,
,Week 271,,,,,,,Saturday,4/9/2022,1:00 AM,,Sunday,4/10/2022,1:00 PM,,,,#DIV/0!,,$0,#DIV/0!,$0.00,#DIV/0!,1,0,
,Week 272,,,,,,,Saturday,4/16/2022,1:00 AM,,Sunday,4/17/2022,1:00 PM,,,,#DIV/0!,,$0,#DIV/0!,$0.00,#DIV/0!,1,0,
,Week 273,,,,,,,Saturday,4/23/2022,1:00 AM,,Sunday,4/24/2022,1:00 PM,,,,#DIV/0!,,$0,#DIV/0!,$0.00,#DIV/0!,1,0,
,Week 274,,,,,,,Saturday,4/30/2022,1:00 AM,,Sunday,5/1/2022,1:00 PM,,,,#DIV/0!,,$0,#DIV/0!,$0.00,#DIV/0!,1,0,
,Week 275,,,,,,,Saturday,5/7/2022,1:00 AM,,Sunday,5/8/2022,1:00 PM,,,,#DIV/0!,,$0,#DIV/0!,$0.00,#DIV/0!,1,0,
,Week 276,,,,,,,Saturday,5/14/2022,1:00 AM,,Sunday,5/15/2022,1:00 PM,,,,#DIV/0!,,$0,#DIV/0!,$0.00,#DIV/0!,1,0,
,Week 277,,,,,,,Saturday,5/21/2022,1:00 AM,,Sunday,5/22/2022,1:00 PM,,,,#DIV/0!,,$0,#DIV/0!,$0.00,#DIV/0!,1,0,
,Week 278,,,,,,,Saturday,5/28/2022,1:00 AM,,Sunday,5/29/2022,1:00 PM,,,,#DIV/0!,,$0,#DIV/0!,$0.00,#DIV/0!,1,0,
,Week 279,,,,,,,Saturday,6/4/2022,1:00 AM,,Sunday,6/5/2022,1:00 PM,,,,#DIV/0!,,$0,#DIV/0!,$0.00,#DIV/0!,1,0,
,,,,,,,,,,,,,,,,,,,,,,,,,,
,,,,,,,,,,,,,,,,,,,,,,,,120,124,